{
  "train_loss": [
    3.671893176509427,
    3.3668357107940174,
    3.274482041608165
  ],
  "val_perplexity": [
    47.36026332462236,
    45.391663533113736,
    45.3698701678999
  ],
  "epochs_run": 3
}